factor,ic_mean,ic_std,icir,ic_t,ic_pvalue,positive_ratio,n_dates,top_minus_bottom,monotonic_score,autocorr_lag1,abs_icir,abs_monotonic,has_persistence,score
alpha040_lag15,-0.05065029383893557,0.10005178072394018,-0.5062408032365593,-8.115657457743664,2.0335714358172004e-14,0.31906614785992216,257,-0.02090959989178459,-1.0,0.805171676189717,0.5062408032365593,1.0,1.0,1.3062408032365593
mfi_14_lag15,0.058201759985022826,0.11810064889883523,0.4928149043014855,7.900423924368386,8.238366374109251e-14,0.6653696498054474,257,0.024551095030155345,1.0,0.9088452624354084,0.4928149043014855,1.0,1.0,1.2928149043014856
adx_14_lag0,-0.047695549093795905,0.0999936016066385,-0.4769860103791824,-7.6466674507947925,4.1680942506157203e-13,0.3229571984435798,257,-0.030800882133022803,-1.0,0.9884287098453135,0.4769860103791824,1.0,1.0,1.2769860103791824
mfi_14_lag5,0.055889688318317705,0.11917265533173181,0.46898080908528766,7.518334311375413,9.349814087323071e-13,0.6964980544747081,257,0.01825744088349941,1.0,0.9029479259976835,0.46898080908528766,1.0,1.0,1.2689808090852877
volume_ma_ratio_5_20_lag2,-0.05334203609924133,0.11961179610283623,-0.4459596614817198,-7.149277240036559,9.107936918130388e-12,0.3229571984435798,257,-0.013866032798498372,-1.0,0.8403836539321397,0.4459596614817198,1.0,1.0,1.2459596614817199
volume_ma_ratio_5_20_lag1,-0.052155369850307214,0.11864168952561095,-0.43960407221821074,-7.047389393235221,1.685949959827238e-11,0.35019455252918286,257,-0.011720361489810427,-1.0,0.8392233880607588,0.43960407221821074,1.0,1.0,1.2396040722182107
bollinger_z_20_lag15,0.05467281491396067,0.12478697589516095,0.4381291759157119,7.023745006808353,1.943363927547421e-11,0.6770428015564203,257,0.02114872920911816,1.0,0.7670597558102045,0.4381291759157119,1.0,1.0,1.2381291759157118
mfi_14_lag4,0.05225880315781858,0.12171972074671615,0.4293371923401201,6.882798787899426,4.5043956326700834e-11,0.708171206225681,257,0.01797848576606744,1.0,0.9028056109117875,0.4293371923401201,1.0,1.0,1.2293371923401202
corr_price_vol_20_lag15,0.04875374577940165,0.11965900711751241,0.40743899647706844,6.531744002447726,3.481363867836499e-10,0.6459143968871596,257,0.020950996833798002,1.0,0.9217676653947878,0.40743899647706844,1.0,1.0,1.2074389964770684
risk_adj_mom_20_lag15,0.05059933974319606,0.13193697748456734,0.3835114363531229,6.1481560329991884,2.9926599880100512e-09,0.6575875486381323,257,0.02171530885644073,1.0,0.8710507367261588,0.3835114363531229,1.0,1.0,1.183511436353123
risk_adj_mom_20_lag7,0.05105269406414962,0.1337425824307253,0.38172355532758917,6.119494119764092,3.5018703233986037e-09,0.642023346303502,257,0.02054743429983584,1.0,0.874733497999601,0.38172355532758917,1.0,1.0,1.181723555327589
adx_14_lag4,-0.04165083893333099,0.11182487107592635,-0.372464895622827,-5.971066513373479,7.836438006793943e-09,0.3424124513618677,257,-0.032160040841148936,-1.0,0.9876003393213708,0.372464895622827,1.0,1.0,1.172464895622827
bollinger_z_20_lag10,0.04787944536669269,0.13062865146919786,0.36653096260419277,5.875938330404934,1.3035436484088771e-08,0.6459143968871596,257,0.015799287012139472,1.0,0.7694879448494483,0.36653096260419277,1.0,1.0,1.1665309626041929
corr_price_vol_20_lag10,0.03994338734747205,0.10999964708279623,0.36312286817981193,5.821302420468223,1.7414699906948416e-08,0.688715953307393,257,0.014374792866362666,1.0,0.9234201700312463,0.36312286817981193,1.0,1.0,1.163122868179812
ema_gap_12_26_lag15,0.05671971461586026,0.17025733730992113,0.333141088143607,5.340657922451427,2.0447420801504912e-07,0.6498054474708171,257,0.029151684036434658,1.0,0.9735198931430901,0.333141088143607,1.0,1.0,1.133141088143607
donchian_pos_20_lag15,0.03414685467986305,0.11527212244344127,0.2962282116095966,4.748899494812344,3.408692661079005e-06,0.603112840466926,257,0.01202064228218179,1.0,0.7882701809139965,0.2962282116095966,1.0,1.0,1.0962282116095967
mfi_14_lag10,0.06114976203170036,0.12162137416405652,0.502787955258709,8.060304093766007,2.920137714855008e-14,0.6731517509727627,257,0.022782091258448853,0.5,0.9081896816207793,0.502787955258709,0.5,1.0,1.052787955258709
trend_slope_ma20_lag10,0.07715886300342907,0.16308351592852546,0.4731248438207909,7.584768242009447,6.160514539765496e-13,0.6653696498054474,257,0.02501480401404385,0.5,0.9671609794003548,0.4731248438207909,0.5,1.0,1.023124843820791
momentum_20_lag10,0.07376350896817409,0.156463500258066,0.4714422778891618,7.557794658165811,7.299587146916697e-13,0.6536964980544747,257,0.021628697265303733,0.5,0.8772887898995153,0.4714422778891618,0.5,1.0,1.0214422778891619
realized_vol_10_lag15,0.07780003983196539,0.17352175172793013,0.44835900431636005,7.187741631774918,7.208282283825223e-12,0.6536964980544747,257,0.02645625679745539,0.5,0.9201338322883225,0.44835900431636005,0.5,1.0,0.9983590043163602
trend_slope_ma20_lag7,0.07149159233275808,0.15983422116524776,0.44728589291804466,7.170538347355628,8.004050296882675e-12,0.6381322957198443,257,0.021532277145418298,0.5,0.9673539913919061,0.44728589291804466,0.5,1.0,0.9972858929180446
price_ma_gap_20_lag15,0.06397785555341866,0.14392711652629764,0.4445156485972464,7.126127952464261,1.0480779146160697e-11,0.6459143968871596,257,0.017441343636285474,0.5,0.8284455387171722,0.4445156485972464,0.5,1.0,0.9945156485972464
realized_vol_10_lag10,0.07721762412001595,0.17537586540768935,0.4402978935585646,7.058512195465276,1.5767741411310974e-11,0.6653696498054474,257,0.026230681258282255,0.5,0.9217745817467735,0.4402978935585646,0.5,1.0,0.9902978935585647
vol_ratio_5_20_lag1,-0.04455055385986224,0.10355352012786925,-0.43021766720098575,-6.896913873695071,4.14277119374218e-11,0.35019455252918286,257,-0.0188675478463727,-0.5,0.7877187597097292,0.43021766720098575,0.5,1.0,0.9802176672009857
return_skew_20_lag0,-0.04283279795365118,0.10319533634455512,-0.4150652487883592,-6.654002127531808,1.7216816619489867e-10,0.33073929961089493,257,-0.010628255006680118,-0.5,0.8543581211431996,0.4150652487883592,0.5,1.0,0.9650652487883593
realized_vol_20_lag7,0.07532958261098363,0.18399912519072517,0.40940185195391765,6.56321096952608,2.906737971206029e-10,0.6653696498054474,257,0.03132247272662396,0.5,0.9556570839509254,0.40940185195391765,0.5,1.0,0.9594018519539176
downside_vol_20_lag0,0.07759360531931322,0.19062286143674442,0.40705298794951517,6.525555814997481,3.606836167107947e-10,0.6186770428015564,257,0.02521576854385861,0.5,0.9367508424598286,0.40705298794951517,0.5,1.0,0.9570529879495151
volume_ma_ratio_5_20_lag3,-0.0458668389133428,0.11412536181084086,-0.4018987382433505,-6.442926906384277,5.774406692273215e-10,0.3229571984435798,257,-0.012880740662643192,-0.5,0.8404201818072604,0.4018987382433505,0.5,1.0,0.9518987382433506
realized_vol_20_lag4,0.07490702239370106,0.18643364542540697,0.4017891846870083,6.441170629270962,5.832199262743599e-10,0.6536964980544747,257,0.03240861385537359,0.5,0.9535245736222305,0.4017891846870083,0.5,1.0,0.9517891846870083
trend_slope_ma20_lag5,0.06454238264378247,0.16110447874413872,0.4006243845417031,6.422497462419159,6.482867888758487e-10,0.6264591439688716,257,0.017961638937337522,0.5,0.966275553883514,0.4006243845417031,0.5,1.0,0.9506243845417031
rsi_14_lag10,0.05621946275154166,0.1403395381566723,0.40059603651238584,6.422043008937594,6.499560186993386e-10,0.669260700389105,257,0.01505182526473545,0.5,0.8473401036680569,0.40059603651238584,0.5,1.0,0.9505960365123858
downside_vol_20_lag5,0.07223490350868579,0.1823713469262734,0.39608691127278856,6.349756232279771,9.768765048072614e-10,0.6186770428015564,257,0.022840611892441014,0.5,0.9373237245417517,0.39608691127278856,0.5,1.0,0.9460869112727885
momentum_20_lag15,0.0636460606420279,0.16137659910078483,0.3943946086153352,6.322626556846828,1.137362386341688e-09,0.6653696498054474,257,0.025478382177643324,0.5,0.8710527379612596,0.3943946086153352,0.5,1.0,0.9443946086153352
downside_vol_20_lag2,0.0740477595110479,0.18790646187982832,0.39406712664519017,6.3173766214874245,1.1712774205915433e-09,0.6186770428015564,257,0.02395725242646527,0.5,0.9362702985470313,0.39406712664519017,0.5,1.0,0.9440671266451901
ema_gap_12_26_lag10,0.07063591740016847,0.17935782550657292,0.3938267940117276,6.313523796277307,1.1967959994349215e-09,0.622568093385214,257,0.022860155014692872,0.5,0.975789320457388,0.3938267940117276,0.5,1.0,0.9438267940117275
realized_vol_10_lag7,0.06930421762315206,0.17647409207144824,0.39271610245821914,6.295718056139699,1.3219891068130913e-09,0.642023346303502,257,0.020640579098603014,0.5,0.9225585945026397,0.39271610245821914,0.5,1.0,0.9427161024582191
ema_gap_12_26_lag7,0.06983593431871991,0.17880621588983708,0.39056771025088965,6.261276709001934,1.6016428555513747e-09,0.642023346303502,257,0.018918937604643332,0.5,0.9762767999462151,0.39056771025088965,0.5,1.0,0.9405677102508896
realized_vol_20_lag10,0.071992400728563,0.18592703341741998,0.38720781698772505,6.207413522462854,2.1590654008019237e-09,0.6575875486381323,257,0.029200487989650553,0.5,0.9586588579048805,0.38720781698772505,0.5,1.0,0.9372078169877252
rsi_14_lag15,0.0534623328939334,0.13874559287816074,0.3853263500836476,6.177251313462803,2.550093160473178e-09,0.688715953307393,257,0.022207411048501574,0.5,0.8431538232408327,0.3853263500836476,0.5,1.0,0.9353263500836475
alpha005_lag5,-0.018783041637928957,0.1420887866373858,-0.1321922868260094,-2.119203571851113,0.03503618067442687,0.4785992217898833,257,-0.01941644535413996,-1.0,0.5858923841349499,0.1321922868260094,1.0,1.0,0.9321922868260093
price_ma_gap_20_lag10,0.05564273474364809,0.14678380429004897,0.3790795245618274,6.077107082082677,4.413806746289721e-09,0.6264591439688716,257,0.009116759111771594,0.5,0.8323920351693018,0.3790795245618274,0.5,1.0,0.9290795245618275
realized_vol_20_lag15,0.06854655305716054,0.18300996767739616,0.3745509270729565,6.004508141521774,6.543793945853506e-09,0.6303501945525292,257,0.028101233434541337,0.5,0.9558281294877004,0.3745509270729565,0.5,1.0,0.9245509270729566
alpha013_lag15,-0.028180891491312712,0.0759920613254066,-0.37083994038060036,-5.945016499139613,9.013416666412717e-09,0.36186770428015563,257,-0.007075539740389998,-0.5,0.6079999486202743,0.37083994038060036,0.5,1.0,0.9208399403806005
mfi_14_lag3,0.04633734949858262,0.12520514372713198,0.370091420521578,5.933016812948168,9.612129981763967e-09,0.6731517509727627,257,0.01839912101788708,0.5,0.9028954322329747,0.370091420521578,0.5,1.0,0.920091420521578
realized_vol_10_lag5,0.0641916581682265,0.18016935734355383,0.3562851037195154,5.711684717229535,3.095644554516449e-08,0.6575875486381323,257,0.019102823349806612,0.5,0.9209560127954207,0.3562851037195154,0.5,1.0,0.9062851037195154
volume_ma_ratio_5_20_lag0,-0.04247739030209078,0.12045976565918703,-0.3526272035284437,-5.653044116204176,4.197548463844022e-08,0.3735408560311284,257,-0.007870651554384982,-0.5,0.8408065009693579,0.3526272035284437,0.5,1.0,0.9026272035284437
ema_gap_12_26_lag4,0.06307977627240674,0.17947640547998078,0.3514655650903528,5.634421635374853,4.62153232751716e-08,0.6264591439688716,257,0.015138716283235147,0.5,0.9750916159697539,0.3514655650903528,0.5,1.0,0.9014655650903529
momentum_40_lag10,0.06107475437161344,0.17557515541592472,0.34785533424095116,5.576545232031222,6.223372529423277e-08,0.6536964980544747,257,0.019518522741470534,0.5,0.9132240989945697,0.34785533424095116,0.5,1.0,0.8978553342409512
rsi_14_lag7,0.047064561033399274,0.13555127722902185,0.34720853979030336,5.566176328194416,6.562621381557368e-08,0.6186770428015564,257,0.014403193281662906,0.5,0.8481811627442843,0.34720853979030336,0.5,1.0,0.8972085397903033
alpha026_lag15,-0.02557374492393935,0.0740272249708521,-0.3454640496656319,-5.538210024017164,7.569975712681469e-08,0.3852140077821012,257,-0.01119594074699097,-0.5,0.7675901586293307,0.3454640496656319,0.5,1.0,0.8954640496656319
downside_vol_20_lag15,0.05945065017332053,0.17348639762722892,0.3426819104346292,5.493608939208879,9.495722654047085e-08,0.6070038910505836,257,0.016784839676639192,0.5,0.9428342771290564,0.3426819104346292,0.5,1.0,0.8926819104346293
realized_vol_20_lag1,0.06739846096609153,0.19888763662750128,0.3388770770720294,5.432612820252768,1.2918142602935248e-07,0.642023346303502,257,0.030917838599113866,0.5,0.9548350200302509,0.3388770770720294,0.5,1.0,0.8888770770720293
adx_14_lag15,-0.039765676902089285,0.11780954029483899,-0.33754207683493814,-5.411211138363493,1.4382736884210887e-07,0.38910505836575876,257,-0.03233889288223654,-0.5,0.9876959425192834,0.33754207683493814,0.5,1.0,0.8875420768349382
momentum_40_lag7,0.05691198909087383,0.17022995733410112,0.33432416938915016,5.359624157634611,1.8608394260562696e-07,0.6536964980544747,257,0.017670055206069228,0.5,0.9143018618255827,0.33432416938915016,0.5,1.0,0.8843241693891501
parkinson_vol_10_lag5,0.06017076741825157,0.18022019396721284,0.33387361368170726,5.352401200172746,1.9288962772604827e-07,0.642023346303502,257,0.009769550536682603,0.5,0.9152221778672457,0.33387361368170726,0.5,1.0,0.8838736136817074
alpha011_lag5,-0.0371154351614973,0.09687983530056958,-0.38310795065192566,-6.141687665141284,3.100827933568438e-09,0.3424124513618677,257,-0.011582120980643873,-1.0,0.26919072958775764,0.38310795065192566,1.0,0.0,0.8831079506519257
parkinson_vol_10_lag4,0.05926824719276335,0.1798061741977889,0.32962298128632433,5.284258379050529,2.702184612125523e-07,0.6381322957198443,257,0.00917384624754674,0.5,0.9156027708519402,0.32962298128632433,0.5,1.0,0.8796229812863243
trend_slope_ma20_lag3,0.054499472296817564,0.16567045726039412,0.3289631307720573,5.273680170591491,2.8465427082510673e-07,0.6264591439688716,257,0.01426479291136571,0.5,0.9656440504584689,0.3289631307720573,0.5,1.0,0.8789631307720573
alpha004_lag15,-0.032491034603635144,0.09879532177713297,-0.3288721977841209,-5.272222403898283,2.867014626472487e-07,0.3657587548638132,257,-0.009826132001894985,-0.5,0.44749158053357163,0.3288721977841209,0.5,1.0,0.878872197784121
mfi_14_lag2,0.04133814240002509,0.12672818496228735,0.3261953322564099,5.229308984939454,3.538013665457545e-07,0.6614785992217899,257,0.019749940831435515,0.5,0.9040227039444334,0.3261953322564099,0.5,1.0,0.87619533225641
obv_slope_20_lag2,0.04380290929240434,0.13487858894699034,0.32475806304305016,5.206267806639297,3.958830899794697e-07,0.6614785992217899,257,0.008483170051266156,0.5,0.9067803090593413,0.32475806304305016,0.5,1.0,0.8747580630430503
downside_vol_20_lag10,0.05948362666042813,0.18480830266036485,0.3218666358824005,5.159914703037564,4.957556141756701e-07,0.5992217898832685,257,0.017123331004376123,0.5,0.9450109054367897,0.3218666358824005,0.5,1.0,0.8718666358824005
obv_slope_20_lag1,0.04303173554511898,0.13415323524695175,0.3207655444604475,5.142262864716553,5.39885208462364e-07,0.6575875486381323,257,0.007291321842954508,0.5,0.9071284395439216,0.3207655444604475,0.5,1.0,0.8707655444604476
risk_adj_mom_20_lag5,0.043062333546335096,0.13457783216421706,0.3199808828380351,5.129683781981571,5.736335000138304e-07,0.6108949416342413,257,0.021236479223503933,0.5,0.873644879099249,0.3199808828380351,0.5,1.0,0.8699808828380351
adx_14_lag10,-0.03739357486118305,0.11776896282295457,-0.31751638092795187,-5.090174810799641,6.934704815730258e-07,0.3735408560311284,257,-0.030278873296875248,-0.5,0.9873212042767776,0.31751638092795187,0.5,1.0,0.8675163809279518
momentum_40_lag5,0.05461946828816506,0.17235620812105984,0.3168987580058697,5.080273562141643,7.271122069618466e-07,0.6381322957198443,257,0.016594213215070937,0.5,0.9133185679883622,0.3168987580058697,0.5,1.0,0.8668987580058698
volume_ma_ratio_5_20_lag4,-0.03451595880249472,0.11078091645376041,-0.3115695365898293,-4.994839643633803,1.0911070242781757e-06,0.3735408560311284,257,-0.011484174265510634,-0.5,0.8381998768379065,0.3115695365898293,0.5,1.0,0.8615695365898293
realized_vol_10_lag3,0.056394093449101804,0.1874074638181387,0.30091700885417755,4.82406663282759,2.417704593789999e-06,0.642023346303502,257,0.01718870312224869,0.5,0.9203537149379709,0.30091700885417755,0.5,1.0,0.8509170088541775
parkinson_vol_10_lag3,0.054309391736569144,0.1806075429223405,0.3007038956281115,4.820650167913246,2.455967793854313e-06,0.6342412451361867,257,0.008847319199223568,0.5,0.9144695212794932,0.3007038956281115,0.5,1.0,0.8507038956281114
momentum_5_lag15,0.04254170252238222,0.14177083092226928,0.300073733402234,4.810547898923202,2.5725613727026636e-06,0.603112840466926,257,0.004657531565061074,0.5,0.6938433147634766,0.300073733402234,0.5,1.0,0.8500737334022339
return_skew_20_lag1,-0.02943271054221376,0.09954827334235189,-0.2956626926214288,-4.739833535757922,3.5518944048048912e-06,0.39299610894941633,257,-0.004486636340645285,-0.5,0.8543452743964117,0.2956626926214288,0.5,1.0,0.8456626926214288
alpha042_lag15,0.010447247686507108,0.24089457382390672,0.043368547164304404,0.6952507008034019,0.48752879520472436,0.5447470817120622,257,-0.028858658172968264,-1.0,0.4802110382528197,0.043368547164304404,1.0,1.0,0.8433685471643044
risk_adj_mom_20_lag4,0.038945531631183035,0.13718045305935048,0.2839000073453135,4.551263345694463,8.245906175326457e-06,0.6147859922178989,257,0.018945603489833086,0.5,0.8746581456330699,0.2839000073453135,0.5,1.0,0.8339000073453136
momentum_40_lag3,0.05022781473636738,0.17968354320965121,0.27953486356712454,4.481284767454437,1.1195958310863925e-05,0.6342412451361867,257,0.018199821211944238,0.5,0.9138995431397804,0.27953486356712454,0.5,1.0,0.8295348635671245
parkinson_vol_10_lag2,0.050641911784842335,0.1817211433386817,0.27867924917497783,4.46756822529074,1.1882539765613506e-05,0.642023346303502,257,0.008137612307691444,0.5,0.9135826929600253,0.27867924917497783,0.5,1.0,0.8286792491749779
momentum_40_lag15,0.04894870941456591,0.17592818679188432,0.27823119368853716,4.460385349420665,1.2258024864443165e-05,0.5914396887159533,257,0.02585200824039681,0.5,0.9089279739264727,0.27823119368853716,0.5,1.0,0.8282311936885371
momentum_60_lag10,0.05090484703795706,0.1852954229846655,0.27472263598313373,4.404138890569984,1.5618481935802835e-05,0.5680933852140078,257,0.0207463766953275,0.5,0.9280631049882903,0.27472263598313373,0.5,1.0,0.8247226359831337
mfi_14_lag1,0.03495414295116706,0.12808561346065864,0.27289671343068667,4.374867125265232,1.7700529945255766e-05,0.642023346303502,257,0.018742763108695954,0.5,0.9035940985120223,0.27289671343068667,0.5,1.0,0.8228967134306866
return_kurt_20_lag2,-0.02080391815917876,0.07712292446839442,-0.26975012037704005,-4.324423401213265,2.192709322165907e-05,0.3852140077821012,257,0.0038545438915843916,0.5,0.85065453392713,0.26975012037704005,0.5,1.0,0.8197501203770401
momentum_60_lag7,0.05005928784957702,0.18657510796273827,0.2683063587430676,4.301278141492906,2.417514647556903e-05,0.603112840466926,257,0.019081041535085684,0.5,0.9298410037646858,0.2683063587430676,0.5,1.0,0.8183063587430677
mfi_14_lag7,0.060163165805672866,0.11611050145698794,0.5181543878523318,8.306646748249896,5.773717127621462e-15,0.7003891050583657,257,0.01904352535090933,0.0,0.9071620011182847,0.5181543878523318,0.0,1.0,0.8181543878523319
momentum_20_lag3,0.04390713525110354,0.1674667849815732,0.262184141505641,4.20313153287663,3.640325215954655e-05,0.6108949416342413,257,0.013538082258030257,0.5,0.8735112026069899,0.262184141505641,0.5,1.0,0.812184141505641
return_kurt_20_lag3,-0.01972866272725669,0.07555915426152987,-0.2611022174622371,-4.185786971009182,3.9104131079796984e-05,0.38132295719844356,257,0.0029839368718288517,0.5,0.8504788283796865,0.2611022174622371,0.5,1.0,0.8111022174622371
realized_vol_10_lag1,0.04986142317547655,0.1950667231106088,0.2556121432726565,4.097774386374799,5.6026610304648516e-05,0.6303501945525292,257,0.018378741429456683,0.5,0.9189627832574648,0.2556121432726565,0.5,1.0,0.8056121432726566
donchian_pos_20_lag10,0.030005363634258028,0.11906411132170047,0.2520101422769305,4.04002991762224,7.070381584145619e-05,0.5992217898832685,257,0.004125313204911538,0.5,0.795596715812515,0.2520101422769305,0.5,1.0,0.8020101422769306
risk_adj_mom_20_lag3,0.03461654601127335,0.13805187863625945,0.25075027122580046,4.019832648207113,7.665153010029338e-05,0.6186770428015564,257,0.019683356042423546,0.5,0.8740064208832117,0.25075027122580046,0.5,1.0,0.8007502712258006
rsi_14_lag5,0.035908501346581835,0.14380009057046164,0.24971125681584164,4.003175980093886,8.191166002015068e-05,0.5797665369649806,257,0.01612310481324986,0.5,0.8486452651458343,0.24971125681584164,0.5,1.0,0.7997112568158415
parkinson_vol_10_lag1,0.045540387711697786,0.1830953680513844,0.24872495790782212,3.9873644057655064,8.722102394304221e-05,0.622568093385214,257,0.007078389424538048,0.5,0.9121350396928506,0.24872495790782212,0.5,1.0,0.7987249579078222
return_skew_20_lag2,-0.02386299101627437,0.09634696060646959,-0.24767767313120614,-3.9705751535887055,9.321596627991381e-05,0.38910505836575876,257,-0.003017635779500677,-0.5,0.8559063341440177,0.24767767313120614,0.5,1.0,0.7976776731312061
ema_gap_12_26_lag1,0.04612065552159541,0.1898396323877252,0.24294534782599755,3.8947102076773055,0.0001255291175800267,0.6070038910505836,257,0.0144368940488721,0.5,0.9756887702158251,0.24294534782599755,0.5,1.0,0.7929453478259976
return_kurt_20_lag4,-0.018363696174239504,0.07701444110153326,-0.23844484114387615,-3.822561597006513,0.00016589883199300898,0.4085603112840467,257,0.0011705808668403608,0.5,0.8499634626630743,0.23844484114387615,0.5,1.0,0.7884448411438761
momentum_20_lag2,0.03757920857501697,0.16870550182813976,0.22275034404804944,3.570959668463895,0.00042472720596365776,0.6147859922178989,257,0.011210318190654503,0.5,0.87362198813848,0.22275034404804944,0.5,1.0,0.7727503440480494
momentum_60_lag15,0.04003861992119894,0.17992179577956138,0.22253346098353705,3.567482768441781,0.0004301282894137634,0.5369649805447471,257,0.030049301870819507,0.5,0.9257482080061356,0.22253346098353705,0.5,1.0,0.772533460983537
alpha011_lag15,-0.024879939833253522,0.0916781610529203,-0.27138349578032905,-4.350608400897699,1.962513979845026e-05,0.3968871595330739,257,-0.00861194105201396,-1.0,0.2631661712260474,0.27138349578032905,1.0,0.0,0.771383495780329
return_skew_20_lag3,-0.020700525029219534,0.09480570311889268,-0.218346833030284,-3.5003660165830035,0.0005479072232822638,0.41245136186770426,257,-0.0016658526177694075,-0.5,0.8565855645150853,0.218346833030284,0.5,1.0,0.7683468330302841
alpha005_lag10,-0.03163462759197318,0.14557046854222266,-0.21731487099526348,-3.483822406640703,0.0005812635926100326,0.42412451361867703,257,-0.018559249626593242,-0.5,0.5805183873647369,0.21731487099526348,0.5,1.0,0.7673148709952635
parkinson_vol_10_lag0,0.039744479943589664,0.1860130767714875,0.21366497793278685,3.42531016965175,0.0007151209589877372,0.6186770428015564,257,0.007443311241698149,0.5,0.9150565126301714,0.21366497793278685,0.5,1.0,0.7636649779327869
risk_adj_mom_20_lag2,0.029035907864902833,0.13826859083792795,0.20999641125248308,3.36649857179577,0.0008782790049049681,0.603112840466926,257,0.01683546786129957,0.5,0.8735811013751499,0.20999641125248308,0.5,1.0,0.7599964112524831
rsi_14_lag4,0.030119376413131532,0.15059519111038314,0.2000022456962431,3.206279909625777,0.0015155768227727334,0.5953307392996109,257,0.014880140547047824,0.5,0.8488433378509944,0.2000022456962431,0.5,1.0,0.7500022456962431
momentum_60_lag1,0.036177849956865606,0.194681572775833,0.18583089010957785,2.979095797009879,0.003168752449289706,0.5875486381322957,257,0.021920503328597962,0.5,0.9293540969184513,0.18583089010957785,0.5,1.0,0.7358308901095778
risk_adj_mom_20_lag10,0.056764774156334116,0.13250762711973435,0.4283887304467483,6.867593787059675,4.928723376740839e-11,0.6381322957198443,257,0.019432655703961427,0.0,0.8750043363097384,0.4283887304467483,0.0,1.0,0.7283887304467482
alpha050_lag2,-0.011533336378407644,0.06646714230871732,-0.17351936577684068,-2.7817270475365543,0.005809297800191771,0.38132295719844356,257,-0.0008299504869312482,0.5,0.8059204506230955,0.17351936577684068,0.5,1.0,0.7235193657768406
alpha005_lag7,-0.023751821775505295,0.14146269915950768,-0.16790165829314263,-2.691668345543321,0.007578177669021739,0.45525291828793774,257,-0.019194312080715772,-0.5,0.5830134425472268,0.16790165829314263,0.5,1.0,0.7179016582931426
return_kurt_20_lag15,-0.013050242614677392,0.07934973638041812,-0.1644648515542885,-2.6365721421897335,0.008886720191942655,0.43190661478599224,257,-0.004235137786341832,-0.5,0.8553824527485926,0.1644648515542885,0.5,1.0,0.7144648515542884
alpha042_lag0,0.04011350124791928,0.2440239195876186,0.1643834805854605,2.635267666324116,0.008920023971673385,0.556420233463035,257,-0.018996649838556492,-0.5,0.4910874638931872,0.1643834805854605,0.5,1.0,0.7143834805854605
momentum_20_lag1,0.02677834199297545,0.17095869031779035,0.15663633093584148,2.511071409467264,0.012653307594143879,0.603112840466926,257,0.006135390066292067,0.5,0.8735329044585695,0.15663633093584148,0.5,1.0,0.7066363309358414
rsi_14_lag3,0.024375451677212168,0.15617644118397914,0.15607636780823667,2.5020945176332723,0.012970651754589243,0.5797665369649806,257,0.015224687386086812,0.5,0.8485457402364228,0.15607636780823667,0.5,1.0,0.7060763678082367
return_kurt_20_lag10,-0.012039954468238051,0.08112589823850108,-0.14841073848996938,-2.3792051311054467,0.018083554894834812,0.49416342412451364,257,-0.007160918391461296,-0.5,0.859320385154861,0.14841073848996938,0.5,1.0,0.6984107384899694
alpha042_lag1,0.034514521569648876,0.2422257221398505,0.1424890852414167,2.284273807827004,0.023174467224191194,0.5486381322957199,257,-0.021668972889943034,-0.5,0.4871315019409011,0.1424890852414167,0.5,1.0,0.6924890852414167
risk_adj_mom_20_lag1,0.019137601417005844,0.13961087444600326,0.137078157363792,2.197530035095516,0.028878618409619115,0.5719844357976653,257,0.015567716816757813,0.5,0.8734789733778529,0.137078157363792,0.5,1.0,0.6870781573637921
alpha042_lag2,0.031299175417213596,0.24071194737812715,0.13002751113157945,2.084499577434778,0.03810610503871967,0.5486381322957199,257,-0.023809842030350734,-0.5,0.48577629791420823,0.13002751113157945,0.5,1.0,0.6800275111315794
alpha042_lag3,0.028441361464491877,0.23854153859288685,0.11923022561295737,1.9114059228293703,0.0570690421520177,0.556420233463035,257,-0.025638979858231114,-0.5,0.4867512394770059,0.11923022561295737,0.5,1.0,0.6692302256129574
rsi_14_lag2,0.01855537305044528,0.15972485396029557,0.11617085625921297,1.86236050105979,0.0636978665728301,0.556420233463035,257,0.015416361789930357,0.5,0.8486998243275263,0.11617085625921297,0.5,1.0,0.666170856259213
trend_slope_ma20_lag15,0.05912725824538591,0.16289517519625019,0.36297734524151215,5.81896951029596,1.7630655795175926e-08,0.6381322957198443,257,0.02923604496170113,0.0,0.9647776488693268,0.36297734524151215,0.0,1.0,0.6629773452415122
alpha042_lag4,0.025968022470750918,0.2366844624594924,0.10971578869565737,1.7588778957907527,0.0797929595293084,0.556420233463035,257,-0.026560750911592934,-0.5,0.4843582483623934,0.10971578869565737,0.5,1.0,0.6597157886956573
alpha042_lag5,0.02184915153111456,0.237019758892122,0.09218282742857341,1.4778031444988267,0.14068969872058845,0.5525291828793775,257,-0.026819676495862796,-0.5,0.4820284778471246,0.09218282742857341,0.5,1.0,0.6421828274285735
alpha018_lag4,-0.018513797192046693,0.13095240919395001,-0.14137805715835602,-2.2664626727102624,0.024258054305614403,0.4357976653696498,257,-0.007523122817271362,-1.0,0.16402334163853388,0.14137805715835602,1.0,0.0,0.641378057158356
alpha005_lag4,-0.012157014767534743,0.14380216847362642,-0.0845398570590009,-1.3552770085521153,0.17652389097406748,0.48249027237354086,257,-0.01792612604246085,-0.5,0.5859506167340005,0.0845398570590009,0.5,1.0,0.6345398570590008
parkinson_vol_10_lag7,0.06051137241436912,0.18133805634248126,0.3336937300137665,5.349517445599989,1.9567385368106418e-07,0.6264591439688716,257,0.010322111185610397,0.0,0.9162676242437602,0.3336937300137665,0.0,1.0,0.6336937300137665
parkinson_vol_10_lag10,0.06066296718997472,0.1835147531897101,0.3305618002671633,5.299308792242444,2.508987813744373e-07,0.6186770428015564,257,0.013571713934427937,0.0,0.9158263733735892,0.3305618002671633,0.0,1.0,0.6305618002671634
lower_shadow_ratio_lag10,-0.009377827747483037,0.07290265324309395,-0.1286349306960429,-2.0621748147429626,0.040200264830277575,0.4396887159533074,257,-0.010253402822024985,-1.0,0.07475605623266941,0.1286349306960429,1.0,0.0,0.6286349306960429
obv_slope_20_lag3,0.043410317815991965,0.1339322665967016,0.3241214303249987,5.196061807768669,4.160395670871118e-07,0.6614785992217899,257,0.00764078143219387,0.0,0.9052954644048689,0.3241214303249987,0.0,1.0,0.6241214303249987
obv_slope_20_lag4,0.04388674966056013,0.1359910364718882,0.32271795847097845,5.173562442356019,4.640549965824725e-07,0.6653696498054474,257,0.008058933781927173,0.0,0.9066216992521479,0.32271795847097845,0.0,1.0,0.6227179584709784
alpha042_lag7,0.017216310275621337,0.23829641007035993,0.07224745966814192,1.1582148872832048,0.24785571490219568,0.556420233463035,257,-0.025973194918299226,-0.5,0.4824861412306207,0.07224745966814192,0.5,1.0,0.622247459668142
alpha005_lag3,-0.010243272501107367,0.14703739191104523,-0.06966440555001376,-1.1168053796269315,0.2651246324356146,0.4591439688715953,257,-0.016509162011152333,-0.5,0.5873556371964289,0.06966440555001376,0.5,1.0,0.6196644055500138
obv_slope_20_lag5,0.04195715186975744,0.139117953874779,0.30159408402112753,4.83492097347532,2.2999215274489593e-06,0.6614785992217899,257,0.0075818977550222155,0.0,0.9061390977836373,0.30159408402112753,0.0,1.0,0.6015940840211276
rsi_14_lag1,0.008272402644756436,0.16307040069387865,0.05072902629512559,0.8132481576830326,0.4168314993437755,0.5330739299610895,257,0.01432661164508437,0.5,0.8469230359263873,0.05072902629512559,0.5,1.0,0.6007290262951256
parkinson_vol_10_lag15,0.05324654320029959,0.18545205476692553,0.2871175693751108,4.602844788983765,6.566269655673681e-06,0.5875486381322957,257,0.010721042783703949,0.0,0.9140632577389842,0.2871175693751108,0.0,1.0,0.5871175693751107
alpha005_lag2,-0.005277250177718011,0.1509194535352017,-0.03496732895661527,-0.5605689272966861,0.5755817010546296,0.5058365758754864,257,-0.01586879026417326,-0.5,0.5873007862120394,0.03496732895661527,0.5,1.0,0.5849673289566153
return_kurt_20_lag1,-0.022316630179696314,0.07871316855673934,-0.2835183818525825,-4.545145423637713,8.470594663662207e-06,0.38910505836575876,257,0.004461373384582842,0.0,0.8487565072105905,0.2835183818525825,0.0,1.0,0.5835183818525824
clv_1_lag0,-0.029188295574791755,0.0883768606533299,-0.3302707898766257,-5.294643540782768,2.567391619336153e-07,0.3657587548638132,257,-0.008408389448206703,-0.5,0.02836386720049126,0.3302707898766257,0.5,0.0,0.5802707898766257
return_kurt_20_lag0,-0.022661480998389837,0.0830381725337895,-0.27290438008096257,-4.374990031018956,1.769125590424398e-05,0.38910505836575876,257,0.0042356197964878856,0.0,0.8481472717627061,0.27290438008096257,0.0,1.0,0.5729043800809626
alpha016_lag5,-0.018582839813505208,0.06895240857601911,-0.26950240313966517,-4.320452191796599,2.2298029702180804e-05,0.38910505836575876,257,-0.01185039634925128,0.0,0.592153293788257,0.26950240313966517,0.0,1.0,0.5695024031396652
obv_slope_20_lag0,0.036566107374864154,0.13654904416995922,0.267787355064538,4.292957879579354,2.503591550270962e-05,0.622568093385214,257,0.004568993318027452,0.0,0.9080034744475239,0.267787355064538,0.0,1.0,0.567787355064538
alpha011_lag4,-0.031132285204115442,0.09805040639243076,-0.3175130664886135,-5.090121676294949,6.936469262735643e-07,0.3463035019455253,257,-0.011461958354425997,-0.5,0.26780617178785815,0.3175130664886135,0.5,0.0,0.5675130664886134
alpha005_lag1,-0.0016571344994520062,0.15409966781587878,-0.010753653936697529,-0.17239418713661525,0.8632638522587245,0.47470817120622566,257,-0.014712715742046557,-0.5,0.5869348222106769,0.010753653936697529,0.5,1.0,0.5607536539366975
bull_ratio_5_lag15,0.026211915458779895,0.10126116136616653,0.2588545806224364,4.149754611379916,4.5339138471231444e-05,0.5914396887159533,257,0.005902944379162438,0.0,0.7586076433987926,0.2588545806224364,0.0,1.0,0.5588545806224363
obv_slope_20_lag10,0.038855361420640916,0.15406733111926038,0.2521972772447377,4.04302991937512,6.985874533427656e-05,0.6303501945525292,257,0.0015214806293487662,0.0,0.9076872475228779,0.2521972772447377,0.0,1.0,0.5521972772447377
obv_slope_20_lag7,0.03707316522728891,0.14712862933131052,0.2519779148068183,4.039513271973592,7.085032809534384e-05,0.6381322957198443,257,0.0035328582922435625,0.0,0.9042183722633235,0.2519779148068183,0.0,1.0,0.5519779148068182
alpha011_lag7,-0.029367218214033725,0.09792562738425407,-0.29989308211218896,-4.807651838431966,2.606959614323532e-06,0.3657587548638132,257,-0.009181266034398589,-0.5,0.2657211126717328,0.29989308211218896,0.5,0.0,0.549893082112189
momentum_60_lag4,0.04667680105986648,0.18979741323867802,0.24592959547435184,3.942551336895416,0.00010410315864047771,0.5875486381322957,257,0.02105620831370602,0.0,0.9310430280130378,0.24592959547435184,0.0,1.0,0.5459295954743518
log_volume_zscore_20_lag3,-0.028695029678495545,0.09844352862385991,-0.2914872118017587,-4.672895486044876,4.80405617902804e-06,0.38132295719844356,257,-0.006209789818594588,-0.5,0.19342480934718637,0.2914872118017587,0.5,0.0,0.5414872118017586
lower_shadow_ratio_lag0,-0.02410838694030971,0.08278585599791641,-0.29121383900308384,-4.668512986692541,4.8994185999986614e-06,0.4046692607003891,257,-0.013631606195361266,-0.5,0.07162082594372907,0.29121383900308384,0.5,0.0,0.5412138390030838
alpha041_lag7,0.04726276439833206,0.16309758605007646,0.2897821208943019,4.64556079936857,5.42939644476718e-06,0.6186770428015564,257,0.005078121534768679,0.5,0.28543760135326307,0.2897821208943019,0.5,0.0,0.5397821208943019
alpha005_lag15,-0.03357122912560532,0.1425066985722405,-0.23557649894322094,-3.776578573466567,0.00019773899568863276,0.3852140077821012,257,-0.023074586037499123,0.0,0.5837485989860147,0.23557649894322094,0.0,1.0,0.5355764989432209
alpha041_lag10,0.04435139354087798,0.1594639899489997,0.27812795575391397,4.458730319425671,1.2346142238857748e-05,0.6186770428015564,257,0.002150272734703848,0.5,0.2917030830768434,0.27812795575391397,0.5,0.0,0.528127955753914
return_kurt_20_lag5,-0.01709619355203712,0.07502191432263305,-0.22788266210476368,-3.6532369859898433,0.0003140616380677741,0.4163424124513619,257,-4.595861201765056e-05,0.0,0.8502824798209806,0.22788266210476368,0.0,1.0,0.5278826621047636
bull_ratio_5_lag10,0.022439630210940035,0.09990290948658671,0.22461438136546816,3.600842459933694,0.00038086351142456405,0.5953307392996109,257,-0.004295139010330219,0.0,0.7596379316458876,0.22461438136546816,0.0,1.0,0.5246143813654681
momentum_40_lag1,0.0421492833372551,0.18955844160851817,0.22235508468835735,3.564623178892688,0.0004346187023106029,0.6186770428015564,257,0.017475336846282434,0.0,0.9137849696743483,0.22235508468835735,0.0,1.0,0.5223550846883573
obv_slope_20_lag15,0.03680041545824257,0.16592058412485425,0.2217953586189793,3.555650087391174,0.0004489965987069966,0.6147859922178989,257,0.002183379441360607,0.0,0.9066500911444588,0.2217953586189793,0.0,1.0,0.5217953586189793
alpha041_lag15,0.04376612975021086,0.16119622560426364,0.2715084027938508,4.352610812653787,1.9458974090115405e-05,0.603112840466926,257,0.00417398344903884,0.5,0.29346968447635957,0.2715084027938508,0.5,0.0,0.5215084027938508
alpha016_lag7,-0.014781356545408665,0.06777127363658382,-0.21810651847377258,-3.496513481168459,0.0005555107877500809,0.4163424124513619,257,-0.006507872494380618,0.0,0.5923939319747005,0.21810651847377258,0.0,1.0,0.5181065184737725
alpha047_lag10,-0.024914724575626553,0.11673913247142367,-0.2134222179672731,-3.42141843134862,0.000724975427101833,0.39299610894941633,257,-0.014965691072414335,0.0,0.36660969346192473,0.2134222179672731,0.0,1.0,0.513422217967273
alpha011_lag10,-0.026940007267613468,0.10285610140630688,-0.26191938931453196,-4.198887232376766,3.7047209049924526e-05,0.39299610894941633,257,-0.0063167055348239895,-0.5,0.2653806577751636,0.26191938931453196,0.5,0.0,0.511919389314532
return_skew_20_lag4,-0.018255856823042295,0.09174757192664937,-0.19897918211544108,-3.189878952756637,0.001600733525404477,0.42023346303501946,257,-0.002552702360192609,0.0,0.8570824797408586,0.19897918211544108,0.0,1.0,0.49897918211544107
amihud_illiquidity_20_lag10,0.040880148384306196,0.20962783871387916,0.19501297458923608,3.126295809155382,0.001974478508353508,0.5914396887159533,257,0.004490296811833182,0.0,0.9398410971499678,0.19501297458923608,0.0,1.0,0.4950129745892361
alpha018_lag10,-0.029681099685745168,0.12130794396508217,-0.2446756470811896,-3.922449014910443,0.00011264506734881637,0.4046692607003891,257,-0.012024256784468106,-0.5,0.1617369675102004,0.2446756470811896,0.5,0.0,0.4946756470811896
amihud_illiquidity_20_lag7,0.040806277172878345,0.21221576968821754,0.19228673360528287,3.082590841417553,0.00227644780130709,0.6186770428015564,257,0.006557413313098739,0.0,0.9389867909992237,0.19228673360528287,0.0,1.0,0.49228673360528286
amihud_illiquidity_20_lag15,0.03779457151550868,0.20417635601370762,0.18510748381155015,2.9674987118282172,0.0032865737543394417,0.5914396887159533,257,0.004605826481840318,0.0,0.9369858661818542,0.18510748381155015,0.0,1.0,0.4851074838115501
alpha050_lag1,-0.011732619311416174,0.06541924488127719,-0.17934507395657845,-2.875120254352865,0.0043783703076862805,0.39299610894941633,257,-0.0027547579546146547,0.0,0.8075494751317086,0.17934507395657845,0.0,1.0,0.47934507395657844
alpha011_lag3,-0.022446699288906025,0.09833262161669651,-0.2282731703869742,-3.6594973099948827,0.0003068624482048644,0.39299610894941633,257,-0.009142834122749272,-0.5,0.26703569943970057,0.2282731703869742,0.5,0.0,0.4782731703869742
return_skew_20_lag5,-0.01535051947007792,0.08721645611209355,-0.17600485223051152,-2.821572426543724,0.005153620157103039,0.4357976653696498,257,-0.0003804854108060349,0.0,0.8561702866624761,0.17600485223051152,0.0,1.0,0.4760048522305115
amihud_illiquidity_20_lag4,0.036677789040765164,0.21782728727949677,0.16838013959978973,2.6993389844168667,0.00741048427602318,0.5953307392996109,257,0.006027866263072751,0.0,0.9399420294545826,0.16838013959978973,0.0,1.0,0.46838013959978975
alpha050_lag0,-0.011191584109847264,0.06675939807258377,-0.1676405784497829,-2.687482917256461,0.00767111436497149,0.4357976653696498,257,-0.0037092069565015096,0.0,0.8073317851084081,0.1676405784497829,0.0,1.0,0.4676405784497829
vwap_close_gap_lag15,0.022669826428457468,0.1356429367365415,0.16712869076617637,2.67927673341978,0.007856319044502822,0.5680933852140078,257,0.004444106872382059,0.0,0.3179303078807605,0.16712869076617637,0.0,1.0,0.46712869076617636
alpha030_lag15,-0.016371201716805246,0.09893700552838808,-0.16547096437144385,-2.652701357645451,0.008484068673899909,0.42412451361867703,257,0.002674588417563843,0.0,0.6091394726614207,0.16547096437144385,0.0,1.0,0.46547096437144386
return_kurt_20_lag7,-0.01255271997708341,0.07696257210669702,-0.1631016172339063,-2.614717833512658,0.009459672371983956,0.45136186770428016,257,-0.00434837144304534,0.0,0.8541467820023715,0.1631016172339063,0.0,1.0,0.4631016172339063
amihud_illiquidity_20_lag1,0.03514198412350682,0.22006971988635435,0.15968568570748579,2.5599562852725772,0.011043519272307574,0.6070038910505836,257,0.004876533707074214,0.0,0.9433701221274512,0.15968568570748579,0.0,1.0,0.4596856857074858
alpha047_lag15,-0.014647278321845402,0.10948571871844057,-0.13378254710564708,-2.1446973835227183,0.03291855603721496,0.46303501945525294,257,-0.008465433745529088,0.0,0.3624084827631603,0.13378254710564708,0.0,1.0,0.43378254710564706
alpha018_lag5,-0.02265403285055596,0.12690962390696597,-0.17850523981666686,-2.8616566888771753,0.004562586120458696,0.4046692607003891,257,-0.011416772429025675,-0.5,0.16390902824821704,0.17850523981666686,0.5,0.0,0.4285052398166669
log_volume_zscore_20_lag1,-0.0160155857079081,0.09028606307476827,-0.1773871311084322,-2.8437320427037758,0.004818799211303444,0.4396887159533074,257,-0.0019022828261897398,-0.5,0.1964845461695669,0.1773871311084322,0.5,0.0,0.4273871311084322
alpha017_lag15,-0.01544258914953152,0.09899200644859096,-0.15599834475070717,-2.5008437128686882,0.013015426820687646,0.4669260700389105,257,-0.006332335534661823,-0.5,-0.008512867407621734,0.15599834475070717,0.5,0.0,0.4059983447507072
true_range_pct_1_lag0,0.025993313649264452,0.16675845957001711,0.15587403311524717,2.4988508457490184,0.013087049627822086,0.556420233463035,257,-0.0031873816862876755,0.5,0.26601148741444025,0.15587403311524717,0.5,0.0,0.40587403311524717
alpha054_lag0,0.01209142934214246,0.0837369432446865,0.1443977875668362,2.3148726338459027,0.021411404239942457,0.5758754863813229,257,0.00424185413835252,0.5,0.04839273656197228,0.1443977875668362,0.5,0.0,0.3943977875668362
alpha011_lag2,-0.013965174581058675,0.09977234254045787,-0.13997039886475324,-2.243896193565566,0.025694194326458798,0.41245136186770426,257,-0.009749474747933723,-0.5,0.2672089743683518,0.13997039886475324,0.5,0.0,0.38997039886475326
upper_shadow_ratio_lag1,0.011717112049470284,0.09041253118225379,0.12959610682562248,2.077583640294668,0.038744641803512475,0.5758754863813229,257,0.0046934437925825676,0.5,0.054849088293960485,0.12959610682562248,0.5,0.0,0.3795961068256225
true_range_pct_1_lag1,0.021277535844529207,0.16721606112624057,0.127245766352944,2.03990481617899,0.04238632497660903,0.5291828793774319,257,-0.008011554014530888,-0.5,0.26135216732771666,0.127245766352944,0.5,0.0,0.377245766352944
lower_shadow_ratio_lag7,-0.00965079266684673,0.07640460421558817,-0.12631166362193866,-2.024930010223573,0.04391248098164494,0.4591439688715953,257,-0.011158049422747195,-0.5,0.07437841024295998,0.12631166362193866,0.5,0.0,0.3763116636219387
return_skew_20_lag7,-0.005766792623192708,0.08187934425892703,-0.0704303713639472,-1.1290847457516742,0.2599189947683984,0.4591439688715953,257,0.001163895133376329,0.0,0.8598556937834666,0.0704303713639472,0.0,1.0,0.3704303713639472
upper_shadow_ratio_lag3,0.009908136577539908,0.08660115166408516,0.11441114104316197,1.8341501201000872,0.06779236864550862,0.5875486381322957,257,0.0010885208070595814,0.5,0.0515241835737976,0.11441114104316197,0.5,0.0,0.36441114104316197
alpha042_lag10,0.012687028089525645,0.2389736299148118,0.053089657189574674,0.8510919498092937,0.3955136589640693,0.5408560311284046,257,-0.02266821246697584,0.0,0.4816221783881099,0.053089657189574674,0.0,1.0,0.35308965718957463
body_ratio_lag0,0.007821915120088622,0.0778223359788075,0.10050989888325478,1.6112962551297572,0.10834737014835612,0.5252918287937743,257,0.0034634346602083546,0.5,0.03368874107152264,0.10050989888325478,0.5,0.0,0.3505098988832548
alpha005_lag0,0.007286698024983764,0.15807636677563477,0.04609606213512053,0.7389760921043235,0.4605985127697453,0.5175097276264592,257,-0.009287755097821877,0.0,0.5878832424061686,0.04609606213512053,0.0,1.0,0.3460960621351205
alpha011_lag1,-0.008860122585749863,0.10327110458495807,-0.08579478859414062,-1.3753950915019704,0.1702113137410526,0.4591439688715953,257,-0.007992810614667119,-0.5,0.2672432139409464,0.08579478859414062,0.5,0.0,0.33579478859414064
upper_shadow_ratio_lag2,0.007463819510582697,0.0903609718799931,0.0826000357819886,1.3241793077883184,0.18662454849493168,0.5408560311284046,257,0.0006741782634078972,0.5,0.05301589040934208,0.0826000357819886,0.5,0.0,0.3326000357819886
true_range_pct_1_lag15,0.047754201087053784,0.17004368026134878,0.2808349067348926,4.502126044890851,1.022515347582756e-05,0.5914396887159533,257,0.0040932051179185455,0.0,0.25933613613858836,0.2808349067348926,0.0,0.0,0.2808349067348926
true_range_pct_1_lag10,0.04890820834173822,0.1750822413351695,0.2793441982965626,4.478228170643047,1.1345576197031993e-05,0.603112840466926,257,0.004007134448205295,0.0,0.25962186926240644,0.2793441982965626,0.0,0.0,0.2793441982965626
alpha018_lag15,-0.03240119261796379,0.12357151529693153,-0.26220599901285147,-4.203481935373359,3.635056852933684e-05,0.4163424124513619,257,-0.007000349110980034,0.0,0.1598806015268804,0.26220599901285147,0.0,0.0,0.26220599901285147
alpha038_lag15,-0.030213334969342868,0.11777534245385202,-0.2565336201945783,-4.1125467852129045,5.276711495421489e-05,0.41245136186770426,257,-0.003711621549090452,0.0,0.2144417722380573,0.2565336201945783,0.0,0.0,0.2565336201945783
true_range_pct_1_lag7,0.042771847565387565,0.1703279834776714,0.2511146242214193,4.025673671070621,7.488425387300622e-05,0.5953307392996109,257,0.0022565348318247386,0.0,0.25991586498673797,0.2511146242214193,0.0,0.0,0.2511146242214193
true_range_pct_1_lag5,0.03908304236098065,0.16644923863459074,0.23480457274292743,3.7642036550795304,0.00020724694688431508,0.5642023346303502,257,0.0012150375900956897,0.0,0.2609836165717291,0.23480457274292743,0.0,0.0,0.23480457274292743
true_range_pct_1_lag4,0.03430178586875867,0.16628381148657098,0.20628457792795343,3.3069933568673635,0.0010781908147772681,0.556420233463035,257,-0.0008779634974943537,0.0,0.2613344326412593,0.20628457792795343,0.0,0.0,0.20628457792795343
true_range_pct_1_lag3,0.027534630827803795,0.16521762499562048,0.16665674033586714,2.671710792458607,0.008030633659160954,0.5330739299610895,257,-0.0039897409975051396,0.0,0.25823002380295096,0.16665674033586714,0.0,0.0,0.16665674033586714
true_range_pct_1_lag2,0.02629581942683458,0.1627595799709452,0.1615623450953163,2.5900414239242213,0.010146268494891145,0.5603112840466926,257,-0.004292040326287258,0.0,0.259708453577465,0.1615623450953163,0.0,0.0,0.1615623450953163
lower_shadow_ratio_lag15,-0.008568343185341852,0.07652151347367397,-0.111972996826437,-1.7950636948870007,0.07382305507421781,0.4708171206225681,257,-0.011930052749069511,0.0,0.07679783869873155,0.111972996826437,0.0,0.0,0.111972996826437
upper_shadow_ratio_lag10,0.007231358846894947,0.08054437101342164,0.0897810580169524,1.4392998517721547,0.15128718507150346,0.5291828793774319,257,0.001458080752051498,0.0,0.05397272052486997,0.0897810580169524,0.0,0.0,0.0897810580169524
upper_shadow_ratio_lag5,0.007094673332282746,0.08633860073184588,0.08217266983880925,1.317328110528487,0.1889064851378831,0.5175097276264592,257,0.0008154462506732921,0.0,0.053196236208841716,0.08217266983880925,0.0,0.0,0.08217266983880925
upper_shadow_ratio_lag15,0.004664462799182299,0.08429433849018594,0.055335422078498946,0.8870942997830877,0.375860757592694,0.5252918287937743,257,-0.0021481990551541555,0.0,0.05550423067614459,0.055335422078498946,0.0,0.0,0.055335422078498946
upper_shadow_ratio_lag7,0.0001233311259600843,0.0864546633300668,0.001426541047175564,0.02286919271277685,0.9817724298412902,0.490272373540856,257,-0.0019576753761772064,0.0,0.054611637292306406,0.001426541047175564,0.0,0.0,0.001426541047175564
